{
  "annualized_volatility": 0.0014909690489114666,
  "cagr": 0.848364162258957,
  "calmar": 0.0,
  "longest_drawdown_recovery_days": 0,
  "max_drawdown": 0.0,
  "sharpe": 412.51774723559504,
  "sortino": 0.0,
  "trade_count": 1,
  "turnover": 1.0,
  "win_rate": 1.0,
  "worst_month": {
    "period": "2024-01",
    "return": 0.009798503740648279
  },
  "worst_year": {
    "period": "2024",
    "return": 0.009798503740648279
  }
}