{
  "annualized_volatility": 0.007435153349823952,
  "cagr": 0.7627267359017855,
  "calmar": 0.0,
  "longest_drawdown_recovery_days": 0,
  "max_drawdown": 0.0,
  "sharpe": 76.32937725152051,
  "sortino": 0.0,
  "trade_count": 1,
  "turnover": 1.0,
  "win_rate": 1.0,
  "worst_month": {
    "period": "2024-01",
    "return": 0.009038409765667055
  },
  "worst_year": {
    "period": "2024",
    "return": 0.009038409765667055
  }
}